Date,Client Name,Project Title,Invoice No.,Amount Charged (D),Discount (D),AGREED Amount (D),Amount Paid (D),Balance (D),TOTAL AMOUNT,Payment Date ,Status,Payment Method,Notes
23-Nov-2025,NHIA ,"Strategic plan 2025 - 2028, strategic snapshot, and powerpoint slides",NM0001,"D9,500.00","D1,900.00","D7,600.00",D0.00,"D7,600.00","D7,600.00",,Pending,Bank transfer ,
31-Oct-2025,Shot by Juliet ,Monthly Changes to flyer design ,No Invoice issued ,"D1,000.00",D0.00,"D1,000.00","D1,000.00",D0.00,"D1,000.00",31-Oct-2025,Paid,Cash,Loyal Client
13-Aug-2025,ED,Banner design 1.2M x 70cm,No Invoice issued ,"D2,000.00",D500.00,"D1,500.00","D1,500.00",D0.00,"D1,500.00",11-Sep-2025,Paid,Mobile Money,Loyal client
23-Sep-2025,ED,Economic Inclusion ,No Invoice issued ,"D2,000.00",D500.00,"D1,500.00","D1,500.00",D0.00,"D1,500.00",17-Oct-2025,Paid,Mobile Money,
20-Oct-2025,ED,Marimoo Logo Design,No Invoice issued ,D500.00,D0.00,D500.00,D500.00,D0.00,D500.00,21-Oct-2025,Paid,Bank transfer ,
27-Aug-2025,Shot by Juliet ,Monthly Changes to flyer design ,No Invoice issued ,"D1,000.00",D0.00,"D1,000.00","D1,000.00",D0.00,"D1,000.00",27-Aug-2025,Paid,Mobile Money,
29-Sep-2025,Shot by Juliet ,Monthly Changes to flyer design ,No Invoice issued ,"D1,500.00",D0.00,"D1,500.00","D1,500.00",D0.00,"D1,500.00",29-Sep-2025,Paid,Mobile Money,
30-Oct-2025,Shot by Juliet ,Monthly Changes to flyer design ,No Invoice issued ,"D1,000.00",D0.00,"D1,000.00","D1,000.00",D0.00,"D1,000.00",31-Oct-2025,Paid,Mobile Money,
21-Nov-2025,UNICEF,Design of Life skill Manual ,No invoice issued ,"D10,000.00",D0.00,"D10,000.00",D0.00,"D10,000.00","D10,000.00",28-Nov-2025,Pending,Bank transfer ,
28-Nov-2025,ED,Design of Personal Documents ,No invoice issued ,"D3,500.00",D0.00,"D3,500.00",D0.00,"D3,500.00","D3,500.00",29-Nov-2025,Pending,Mobile Money,
30-Nov-2025,Shot by Juliet ,Design of monthly flyer advert,No invoice issued ,"D1,500.00",D0.00,"D1,500.00","D1,500.00",D0.00,"D1,500.00",30-Nov-2025,Paid,Cash,
5-Dec-2025,Mr. Pascal ,Design of Advert flyer ,NM0045,"D1,500.00",D500.00,"D1,000.00","D1,000.00",D0.00,"D1,000.00",5-Dec-2025,Paid,Mobile Money,
7-Dec-2025,Basansang Chambers,Design of Business card ,No invoice issued ,D500.00,D200.00,D300.00,D0.00,D300.00,D300.00,7-Dec-2025,Pending,Mobile Money,
,,,,,D0.00,D0.00,D0.00,D0.00,D0.00,,,,
,,,,,,D0.00,,D0.00,D0.00,,,,
,,,,,,D0.00,,D0.00,D0.00,,,,
,,,,,,D0.00,,D0.00,D0.00,,,,
,,,,,,D0.00,,D0.00,D0.00,,,,
,,,,,,D0.00,,D0.00,D0.00,,,,
,,,,,,D0.00,,D0.00,D0.00,,,,
,,,,,,D0.00,,D0.00,D0.00,,,,
,,,,,,D0.00,,D0.00,D0.00,,,,
,,,,,,,,,,,,,
TOTAL,,,,,,,,,"D31,900.00",,,,